{
    "inter": {
        "name": "Inter",
        "type": "google",
        "url": "@import url('https://fonts.googleapis.com/css2?family=Inter:wght@400;700&display=swap');"
    },
    "roboto": {
        "name": "Roboto",
        "type": "google",
        "url": "@import url('https://fonts.googleapis.com/css2?family=Roboto:wght@400;700&display=swap');"
    },
    "openSans": {
        "name": "Open Sans",
        "type": "google",
        "url": "@import url('https://fonts.googleapis.com/css2?family=Open+Sans:wght@400;700&display=swap');"
    },
    "playwriteDeGrund": {
        "name": "Playwrite DE Grund",
        "type": "google",
        "url": "@import url('https://fonts.googleapis.com/css2?family=Playwrite+DE+Grund:wght@100..400&display=swap');"
    },
    "crimsonPro": {
        "name": "Crimson Pro",
        "type": "google",
        "url": "@import url('https://fonts.googleapis.com/css2?family=Crimson+Pro:ital,wght@0,200..900;1,200..900&display=swap');"
    },
    "fredoka": {
        "name": "Fredoka",
        "type": "google",
        "url": "@import url('https://fonts.googleapis.com/css2?family=Fredoka:wght@300..700&display=swap');"
    },
    "montserrat": {
        "name": "Montserrat",
        "type": "google",
        "url": "@import url('https://fonts.googleapis.com/css2?family=Montserrat:wght@100..900&display=swap');"
    },
    "poppins": {
        "name": "Poppins",
        "type": "google",
        "url": "@import url('https://fonts.googleapis.com/css2?family=Poppins:wght@100..900&display=swap');"
    },
    "playfairDisplay": {
        "name": "Playfair Display",
        "type": "google",
        "url": "@import url('https://fonts.googleapis.com/css2?family=Playfair+Display:wght@400..900&display=swap');"
    },
    "merriweather": {
        "name": "Merriweather",
        "type": "google",
        "url": "@import url('https://fonts.googleapis.com/css2?family=Merriweather:wght@300..900&display=swap');"
    },
    "outfit": {
        "name": "Outfit",
        "type": "google",
        "url": "@import url('https://fonts.googleapis.com/css2?family=Outfit:wght@100..900&display=swap');"
    },
    "lexend": {
        "name": "Lexend",
        "type": "google",
        "url": "@import url('https://fonts.googleapis.com/css2?family=Lexend:wght@100..900&display=swap');"
    },
    "spaceGrotesk": {
        "name": "Space Grotesk",
        "type": "google",
        "url": "@import url('https://fonts.googleapis.com/css2?family=Space+Grotesk:wght@300..700&display=swap');"
    },
    "manrope": {
        "name": "Manrope",
        "type": "google",
        "url": "@import url('https://fonts.googleapis.com/css2?family=Manrope:wght@200..800&display=swap');"
    },
    "arial": {
        "name": "Arial",
        "type": "system",
        "url": ""
    },
    "helvetica": {
        "name": "Helvetica",
        "type": "system",
        "url": ""
    },
    "timesNewRoman": {
        "name": "Times New Roman",
        "type": "system",
        "url": ""
    },
    "courierNew": {
        "name": "Courier New",
        "type": "system",
        "url": ""
    },
    "jetbrainsMono": {
        "name": "JetBrains Mono",
        "type": "google",
        "url": "@import url('https://fonts.googleapis.com/css2?family=JetBrains+Mono:wght@400;700&display=swap');"
    },
    "firaCode": {
        "name": "Fira Code",
        "type": "google",
        "url": "@import url('https://fonts.googleapis.com/css2?family=Fira+Code:wght@300..700&display=swap');"
    },
    "dmSans": {
        "name": "DM Sans",
        "type": "google",
        "url": "@import url('https://fonts.googleapis.com/css2?family=DM+Sans:wght@400;700&display=swap');"
    },
    "bricolageGrotesque": {
        "name": "Bricolage Grotesque",
        "type": "google",
        "url": "@import url('https://fonts.googleapis.com/css2?family=Bricolage+Grotesque:wght@200..800&display=swap');"
    }
}